model,benchmarks_used,observed_mean_score,bootstrap_mean_score,bootstrap_std,ci05,ci25,ci50,ci75,ci95
qwen25-vl,21,0.5189713436318757,0.5186264903397035,0.06754614855957282,0.4095300315485962,0.4724164614617757,0.5182912581708946,0.5649472212073431,0.6268785287472655
gemma,21,0.2859624015303635,0.28430869999115477,0.06139005525213877,0.18388526238747147,0.24094056746917913,0.2837964779450423,0.3256844789914603,0.3871404641577171
small-llava,21,0.27899421941365965,0.278749047439915,0.06034403041240564,0.18369643005118924,0.23636917212559533,0.27622727608654396,0.31757469129201965,0.38313379528492086
