model,benchmarks_used,observed_mean_score,bootstrap_mean_score,bootstrap_std,ci05,ci25,ci50,ci75,ci95
gpt-4.1,21,0.5180322935461433,0.5174706135502216,0.07275819053846637,0.3978737804713697,0.4675394335884383,0.5177764677511452,0.5677064976994068,0.6369883118770011
qwen25-vl,21,0.47785984417200805,0.4787399352251537,0.0706414729215728,0.36491968141461667,0.4305159122204124,0.4771646036791929,0.5266948139903356,0.5964395645783854
llava-7b,21,0.46663139539688975,0.46581079743883436,0.07909308594334052,0.3375023172536097,0.41096512520164485,0.4665005980799012,0.5198299294910987,0.5926060603315816
gemma,21,0.2859624015303635,0.28430869999115477,0.06139005525213877,0.18388526238747147,0.24094056746917913,0.2837964779450423,0.3256844789914603,0.3871404641577171
small-llava,21,0.27899421941365965,0.27716319747705725,0.06062124996014378,0.180464366881816,0.23495212851989616,0.2745979485161254,0.31796731983787796,0.37826107012395327
