model,num_benchmarks,mean_score,median_score,std_score,mean_normalized_score,mean_z_score,mean_rank,estimated_stats_benchmarks,first_place_finishes
qwen25-vl,21,0.5189713436318757,0.5,0.318036949171305,0.8650667532471109,0.61560517421519,1.2380952380952381,0,16
small-llava,21,0.27899421941365965,0.27445346825087713,0.2832339043932513,0.3710711674268125,-0.3197335931941663,2.0952380952380953,0,6
gemma,21,0.2859624015303635,0.3,0.2895698053352658,0.3656084656084656,-0.29587158102102384,2.238095238095238,0,4
