model,num_benchmarks,mean_score,median_score,std_score,mean_normalized_score,mean_z_score,mean_rank,estimated_stats_benchmarks,first_place_finishes
gpt-4.1,21,0.5180322935461433,0.5,0.33897870536681174,0.7583864276516209,0.4164518315035221,2.0952380952380953,0,10
qwen25-vl,21,0.4778598441720081,0.39061034083481644,0.33034857894203956,0.7272746835032736,0.35323553887478687,1.9523809523809523,0,11
llava-7b,21,0.4666313953968898,0.4287379886986753,0.3682785544432203,0.6608861723283934,0.19545523675498483,2.142857142857143,0,7
small-llava,21,0.27899421941365965,0.27445346825087713,0.2832339043932513,0.40961391574122546,-0.374675526501333,3.2857142857142856,0,4
gemma,21,0.2859624015303635,0.3,0.2895698053352658,0.3217687074829932,-0.5904670806319606,3.5714285714285716,0,3
