model_a,model_b,benchmarks_compared,wins_a,wins_b,ties,win_rate_a,mean_delta_a_minus_b,median_delta_a_minus_b
gemma,qwen25-vl,21,3,17,1,0.16666666666666666,-0.23300894210151218,-0.19999999999999996
gemma,small-llava,21,9,9,3,0.5,0.006968182116703815,0.0
qwen25-vl,gemma,21,17,3,1,0.8333333333333334,0.23300894210151218,0.19999999999999996
qwen25-vl,small-llava,21,14,2,5,0.7857142857142857,0.23997712421821604,0.09999999999999998
small-llava,gemma,21,9,9,3,0.5,-0.006968182116703815,0.0
small-llava,qwen25-vl,21,2,14,5,0.21428571428571427,-0.23997712421821604,-0.09999999999999998
