model,num_benchmarks,mean_wall_clock_seconds,mean_generation_seconds,mean_model_load_seconds,mean_tokens_per_second,mean_output_tokens,mean_samples_per_second,peak_cpu_ram_bytes,peak_gpu_memory_bytes,mean_cpu_utilization_percent,measured_benchmarks,estimated_benchmarks
llava-7b,21,1.1891999077317443,1.1057918998370408,305.72426892400017,5.855918874896059,8.066666666666666,1.0747925792979363,4658176000.0,14587761152.0,101.45010693520238,21,0
gpt-4.1,21,1.4220362418063364,1.348112391266682,0.04386110899986306,,,0.7762200363363392,4875984896.0,614187008.0,15.745381545360344,21,0
qwen25-vl,21,2.699036366141798,2.5822721381873053,186.35278578199996,2.946322670919874,7.704761904761905,0.6544359812530224,4329340928.0,14973662208.0,99.747799360772,21,0
gemma,21,12.806901070003263,12.64219278762106,10.956879276191883,0.45219601133196413,6.347619047619048,0.08431467155354962,12454150144.0,,708.273484471459,21,0
small-llava,21,99.07028605857097,98.97260624428613,9.41927531904678,0.22962820103065762,9.00952380952381,0.02786038824634503,11364409344.0,,639.7258823317007,21,0
