model,num_benchmarks,mean_wall_clock_seconds,mean_generation_seconds,mean_model_load_seconds,mean_tokens_per_second,mean_output_tokens,mean_samples_per_second,peak_cpu_ram_bytes,peak_gpu_memory_bytes,mean_cpu_utilization_percent,measured_benchmarks,estimated_benchmarks
gemma,21,12.806901070003263,12.64219278762106,10.956879276191883,0.45219601133196413,6.347619047619048,0.08431467155354962,12454150144.0,,708.273484471459,21,0
small-llava,21,99.07028605857097,98.97260624428613,9.41927531904678,0.22962820103065762,9.00952380952381,0.02786038824634503,11364409344.0,,639.7258823317007,21,0
qwen25-vl,21,120.0266492120107,119.31485150904757,23.767497728571296,0.062386884100890605,8.0,0.010199302556798887,13459132416.0,,326.8702705792551,21,0
