model,family,num_benchmarks,mean_score,median_score,mean_rank,mean_normalized_score
gpt-4o,qa,6,0.7999999999999999,0.8500000000000001,1.0,1.0
claude-sonnet-4-5,qa,6,0.5083333333333333,0.575,2.0,0.0
gpt-4o,detection,6,0.10000000000000002,0.025,1.3333333333333333,0.6666666666666666
claude-sonnet-4-5,detection,6,0.13540404040404042,0.11287878787878788,1.5,0.5
