model_a,model_b,benchmarks_compared,wins_a,wins_b,ties,win_rate_a,mean_delta_a_minus_b,median_delta_a_minus_b
claude-sonnet-4-5,gpt-4o,12,2,9,1,0.20833333333333334,-0.12813131313131315,-0.09000000000000005
gpt-4o,claude-sonnet-4-5,12,9,2,1,0.7916666666666666,0.12813131313131315,0.09000000000000005
