model_a,model_b,benchmarks_compared,wins_a,wins_b,ties,win_rate_a,mean_delta_a_minus_b,median_delta_a_minus_b
claude-sonnet-4-5,gpt-4o,36,10,22,4,0.3333333333333333,-0.0451367692118014,-0.04999999999999997
gpt-4o,claude-sonnet-4-5,36,22,10,4,0.6666666666666666,0.0451367692118014,0.04999999999999997
