model_a,model_b,benchmarks_compared,wins_a,wins_b,ties,win_rate_a,mean_delta_a_minus_b,median_delta_a_minus_b
claude-sonnet-4-5,gpt-4o,30,8,19,3,0.31666666666666665,-0.06083078972082835,-0.04999999999999997
gpt-4o,claude-sonnet-4-5,30,19,8,3,0.6833333333333333,0.06083078972082835,0.04999999999999997
